{"cameraMode":{"drawMode":0,"name":"Shaded","section":"Shading Mode"},"sceneLighting":false,"audioPlay":false,"sceneViewState":{"showFog":true,"showMaterialUpdate":false,"showSkybox":true,"showFlares":true,"showImageEffects":true,"showParticleSystems":true},"in2DMode":false,"pivot":{"x":-0.060854434967041019,"y":0.7675812244415283,"z":-0.4160327911376953},"rotation":{"x":-0.06911472976207733,"y":0.9126261472702026,"z":-0.17344403266906739,"w":-0.3636673092842102},"size":10.0,"orthographic":false}